{"0.009999999776482582": [[0.963, 0.9629, 0.9598, 0.9576, 0.9403, 0.9053, 0.7234, 0.4491, 0.3252, 0.2658], [0.9655, 0.9654, 0.9661, 0.9598, 0.9549, 0.8892, 0.6996, 0.4354, 0.2495, 0.1352], [0.9657, 0.9652, 0.9659, 0.9624, 0.9448, 0.8667, 0.7209, 0.4534, 0.2813, 0.2655], [0.9627, 0.9621, 0.9628, 0.9618, 0.9523, 0.9123, 0.7839, 0.6571, 0.3544, 0.1976], [0.9668, 0.9669, 0.9659, 0.9594, 0.9472, 0.9001, 0.7612, 0.6209, 0.5266, 0.223]], "0.10000000149011612": [[0.9646, 0.9649, 0.9646, 0.9572, 0.9354, 0.8967, 0.7526, 0.4452, 0.2889, 0.2743], [0.9656, 0.9659, 0.9642, 0.9615, 0.9479, 0.9076, 0.7813, 0.5614, 0.2456, 0.1669], [0.9672, 0.9667, 0.9664, 0.9525, 0.9207, 0.8761, 0.7182, 0.481, 0.2403, 0.194], [0.9629, 0.9625, 0.9637, 0.9646, 0.9345, 0.8987, 0.7354, 0.5929, 0.3318, 0.1967], [0.9664, 0.9669, 0.9659, 0.9589, 0.9353, 0.8441, 0.7854, 0.643, 0.5103, 0.2438]], "1.0": [[0.9654, 0.966, 0.9634, 0.9573, 0.931, 0.8662, 0.662, 0.4394, 0.2952, 0.2987], [0.9657, 0.9657, 0.9651, 0.9576, 0.9385, 0.8948, 0.715, 0.576, 0.3922, 0.2317], [0.9668, 0.9664, 0.9666, 0.9583, 0.9258, 0.8265, 0.744, 0.5906, 0.351, 0.2019], [0.9632, 0.9629, 0.9651, 0.9613, 0.9434, 0.8678, 0.7449, 0.5002, 0.3919, 0.2737], [0.9679, 0.967, 0.9675, 0.9652, 0.9596, 0.9141, 0.7637, 0.5913, 0.439, 0.2193]], "10.0": [[0.9585, 0.958, 0.9569, 0.9531, 0.9335, 0.8461, 0.6761, 0.6157, 0.4442, 0.4144], [0.9605, 0.9603, 0.9578, 0.9459, 0.9011, 0.8652, 0.741, 0.6266, 0.5153, 0.2045], [0.9579, 0.9584, 0.9583, 0.9536, 0.9304, 0.816, 0.7231, 0.572, 0.6107, 0.2489], [0.955, 0.9562, 0.9567, 0.9526, 0.9399, 0.8741, 0.7683, 0.678, 0.5137, 0.3109], [0.9591, 0.9587, 0.9609, 0.9572, 0.9433, 0.8773, 0.75, 0.5842, 0.5688, 0.2944]], "100.0": [[0.9313, 0.9308, 0.9318, 0.9242, 0.9173, 0.8538, 0.7318, 0.5873, 0.6166, 0.4732], [0.9352, 0.9351, 0.9333, 0.9311, 0.9016, 0.873, 0.7493, 0.6863, 0.5702, 0.3447], [0.9336, 0.9342, 0.9275, 0.9289, 0.9186, 0.8816, 0.7612, 0.6788, 0.6576, 0.3887], [0.9315, 0.9317, 0.928, 0.9234, 0.9073, 0.8767, 0.8238, 0.7002, 0.5295, 0.4182], [0.9288, 0.9289, 0.9271, 0.9092, 0.8927, 0.8589, 0.7941, 0.6651, 0.5904, 0.4742]]}