{"0.009999999776482582": [[0.9315, 0.9337, 0.9237, 0.9144, 0.8936, 0.8857, 0.8373, 0.7107, 0.5069, 0.4137], [0.9498, 0.9494, 0.9486, 0.9502, 0.8921, 0.8606, 0.6938, 0.4832, 0.3284, 0.2323], [0.941, 0.9372, 0.9271, 0.9152, 0.8785, 0.8612, 0.8242, 0.6471, 0.4387, 0.2475], [0.9517, 0.9509, 0.9521, 0.9522, 0.9432, 0.8561, 0.8221, 0.735, 0.4716, 0.3678], [0.9547, 0.9564, 0.953, 0.9484, 0.945, 0.8813, 0.7459, 0.663, 0.4219, 0.3526]], "0.10000000149011612": [[0.9535, 0.9531, 0.9524, 0.9416, 0.9316, 0.9089, 0.8274, 0.7418, 0.507, 0.4153], [0.9578, 0.9572, 0.9596, 0.96, 0.9264, 0.8155, 0.6766, 0.5827, 0.4184, 0.2475], [0.9543, 0.9538, 0.9495, 0.9452, 0.9377, 0.901, 0.8342, 0.7525, 0.5056, 0.2959], [0.9625, 0.9629, 0.9628, 0.9586, 0.9472, 0.9147, 0.8344, 0.741, 0.5691, 0.3633], [0.9605, 0.9612, 0.9588, 0.9538, 0.95, 0.8986, 0.8223, 0.7217, 0.5294, 0.288]], "1.0": [[0.9568, 0.9567, 0.9571, 0.9524, 0.9518, 0.9424, 0.9026, 0.8479, 0.6988, 0.4612], [0.9589, 0.9591, 0.9587, 0.9551, 0.9463, 0.901, 0.7833, 0.7243, 0.5485, 0.3611], [0.9552, 0.9546, 0.9547, 0.9509, 0.9484, 0.9407, 0.925, 0.8629, 0.6787, 0.4663], [0.9641, 0.9639, 0.9639, 0.9642, 0.9602, 0.9563, 0.928, 0.8442, 0.6808, 0.4563], [0.9619, 0.962, 0.9607, 0.9575, 0.9531, 0.9385, 0.9132, 0.8441, 0.6601, 0.4339]], "10.0": [[0.9371, 0.9372, 0.9384, 0.9389, 0.9371, 0.9314, 0.9295, 0.9111, 0.868, 0.6971], [0.9353, 0.9357, 0.9349, 0.932, 0.9301, 0.9211, 0.8968, 0.8378, 0.7179, 0.5272], [0.9324, 0.9327, 0.9319, 0.931, 0.9317, 0.9202, 0.9106, 0.889, 0.8369, 0.6286], [0.949, 0.9488, 0.947, 0.947, 0.9449, 0.9392, 0.9275, 0.8883, 0.7881, 0.5496], [0.9469, 0.9468, 0.9471, 0.9449, 0.9427, 0.9358, 0.9177, 0.8812, 0.8008, 0.592]], "100.0": [[0.9032, 0.9029, 0.9024, 0.8999, 0.8977, 0.8998, 0.8957, 0.8601, 0.7797, 0.4779], [0.8221, 0.8222, 0.8179, 0.8066, 0.8205, 0.8111, 0.7881, 0.7555, 0.6348, 0.5514], [0.8821, 0.8845, 0.8837, 0.8809, 0.8699, 0.8826, 0.8908, 0.8613, 0.821, 0.6481], [0.9124, 0.9123, 0.9117, 0.9078, 0.9043, 0.8988, 0.8716, 0.8334, 0.7702, 0.5768], [0.915, 0.9146, 0.9134, 0.9087, 0.9041, 0.8957, 0.8836, 0.8839, 0.7928, 0.5538]]}