{"0.009999999776482582": [[0.9622, 0.9623, 0.9607, 0.955, 0.9265, 0.906, 0.8377, 0.7272, 0.57, 0.3209], [0.9618, 0.9628, 0.9626, 0.9573, 0.9494, 0.9218, 0.8504, 0.7053, 0.4936, 0.271], [0.9624, 0.9617, 0.96, 0.9555, 0.947, 0.9173, 0.862, 0.8058, 0.5745, 0.3426], [0.9566, 0.9571, 0.9558, 0.9522, 0.9344, 0.8952, 0.8139, 0.6907, 0.424, 0.1887], [0.9648, 0.9649, 0.9647, 0.9586, 0.9383, 0.9002, 0.7919, 0.6758, 0.5184, 0.3055]], "0.10000000149011612": [[0.9626, 0.9604, 0.9568, 0.9467, 0.9277, 0.8825, 0.8005, 0.6572, 0.5495, 0.204], [0.9641, 0.9638, 0.9632, 0.961, 0.9534, 0.9345, 0.8525, 0.5592, 0.4028, 0.3011], [0.9634, 0.9622, 0.9617, 0.954, 0.9443, 0.9204, 0.7493, 0.6105, 0.371, 0.2446], [0.9584, 0.9566, 0.9574, 0.9571, 0.9445, 0.9033, 0.8262, 0.5845, 0.3612, 0.1979], [0.9628, 0.9631, 0.9631, 0.9536, 0.9371, 0.8794, 0.7604, 0.6408, 0.5849, 0.3383]], "1.0": [[0.9596, 0.9589, 0.956, 0.9455, 0.9251, 0.8939, 0.8013, 0.7552, 0.5945, 0.3647], [0.9608, 0.9606, 0.9608, 0.9585, 0.9486, 0.9349, 0.8781, 0.7651, 0.4512, 0.3309], [0.9602, 0.9605, 0.96, 0.9554, 0.9407, 0.9039, 0.8526, 0.6959, 0.5757, 0.345], [0.9567, 0.9566, 0.9561, 0.9509, 0.9469, 0.9295, 0.87, 0.7464, 0.6525, 0.2185], [0.9588, 0.959, 0.9586, 0.9545, 0.9335, 0.8952, 0.8113, 0.6816, 0.4981, 0.2699]], "10.0": [[0.9266, 0.9263, 0.9265, 0.9258, 0.9171, 0.896, 0.8362, 0.7848, 0.7519, 0.6455], [0.931, 0.9311, 0.9308, 0.9297, 0.9249, 0.9078, 0.8758, 0.8239, 0.8185, 0.5778], [0.925, 0.9251, 0.9264, 0.9268, 0.9265, 0.918, 0.8663, 0.7925, 0.7645, 0.6764], [0.9287, 0.9284, 0.9289, 0.9286, 0.9261, 0.9215, 0.8919, 0.8459, 0.7743, 0.632], [0.9292, 0.9299, 0.93, 0.9317, 0.9238, 0.897, 0.8849, 0.7876, 0.7389, 0.5558]], "100.0": [[0.8654, 0.8656, 0.8653, 0.8669, 0.8685, 0.8597, 0.8436, 0.8068, 0.7161, 0.5949], [0.857, 0.8578, 0.8583, 0.8602, 0.8614, 0.8677, 0.8573, 0.8424, 0.7708, 0.665], [0.8634, 0.8641, 0.8653, 0.8686, 0.8722, 0.8669, 0.8604, 0.8103, 0.7611, 0.6945], [0.8624, 0.8622, 0.8629, 0.8637, 0.8648, 0.8694, 0.8537, 0.8199, 0.7356, 0.6823], [0.8661, 0.8663, 0.8672, 0.8697, 0.872, 0.8728, 0.8506, 0.7847, 0.685, 0.6311]]}