{"0.009999999776482582": [[0.9563, 0.9575, 0.9531, 0.945, 0.9423, 0.8644, 0.8073, 0.6845, 0.5467, 0.1816], [0.9629, 0.9623, 0.9601, 0.9576, 0.9484, 0.8608, 0.7319, 0.5758, 0.3975, 0.2443], [0.9554, 0.9535, 0.9495, 0.9342, 0.9112, 0.8736, 0.7649, 0.5384, 0.2802, 0.1958], [0.9609, 0.9607, 0.9606, 0.9402, 0.9141, 0.8279, 0.6902, 0.3693, 0.2843, 0.1618], [0.9564, 0.9561, 0.9568, 0.9519, 0.9342, 0.8959, 0.8038, 0.6192, 0.4427, 0.1073]], "0.10000000149011612": [[0.9624, 0.9624, 0.9613, 0.9593, 0.9507, 0.9225, 0.9172, 0.8804, 0.7238, 0.3796], [0.9632, 0.9628, 0.963, 0.9596, 0.96, 0.9477, 0.8641, 0.6651, 0.6176, 0.3565], [0.9606, 0.9585, 0.9582, 0.9565, 0.9372, 0.9156, 0.9052, 0.7734, 0.4852, 0.3436], [0.9637, 0.9637, 0.965, 0.9618, 0.953, 0.9055, 0.8784, 0.7058, 0.468, 0.265], [0.9584, 0.9581, 0.9593, 0.9557, 0.949, 0.9366, 0.8986, 0.8031, 0.6148, 0.2148]], "1.0": [[0.954, 0.9539, 0.9536, 0.952, 0.9459, 0.9347, 0.9318, 0.9114, 0.8157, 0.5962], [0.9521, 0.9521, 0.9523, 0.9533, 0.9506, 0.95, 0.9475, 0.9092, 0.7523, 0.6649], [0.9543, 0.954, 0.9539, 0.9525, 0.9502, 0.9433, 0.9191, 0.8831, 0.8468, 0.5463], [0.9576, 0.9575, 0.9567, 0.953, 0.9492, 0.9377, 0.9309, 0.9024, 0.8103, 0.4853], [0.9516, 0.9517, 0.9505, 0.9506, 0.9448, 0.9376, 0.9207, 0.8679, 0.7067, 0.5029]], "10.0": [[0.8977, 0.8982, 0.8944, 0.8922, 0.8908, 0.8836, 0.8743, 0.8462, 0.8065, 0.6977], [0.9184, 0.9193, 0.9197, 0.9194, 0.9214, 0.9211, 0.9192, 0.9079, 0.8833, 0.7326], [0.9155, 0.9153, 0.9154, 0.9165, 0.9174, 0.9163, 0.9145, 0.8975, 0.8402, 0.6987], [0.9221, 0.9214, 0.9207, 0.9194, 0.918, 0.909, 0.8958, 0.8878, 0.8083, 0.5343], [0.9175, 0.9167, 0.9157, 0.9168, 0.9164, 0.9133, 0.8921, 0.8335, 0.7392, 0.4605]], "100.0": [[0.7568, 0.759, 0.7638, 0.76, 0.7641, 0.7535, 0.7279, 0.7169, 0.6479, 0.5814], [0.8392, 0.8386, 0.8393, 0.8388, 0.8396, 0.8475, 0.8318, 0.806, 0.7553, 0.6449], [0.7941, 0.7941, 0.7862, 0.7825, 0.7854, 0.7804, 0.8084, 0.7782, 0.6778, 0.5941], [0.8402, 0.8393, 0.8392, 0.8284, 0.8308, 0.823, 0.8131, 0.7684, 0.7008, 0.543], [0.8239, 0.825, 0.8247, 0.8254, 0.8308, 0.8186, 0.8094, 0.7648, 0.6094, 0.4756]]}