{"0.009999999776482582": [[0.9584, 0.9589, 0.9575, 0.9512, 0.9413, 0.9159, 0.9051, 0.8244, 0.7496, 0.4281], [0.9623, 0.9622, 0.9599, 0.9556, 0.9524, 0.9261, 0.8792, 0.637, 0.5712, 0.4064], [0.9568, 0.9563, 0.9526, 0.9467, 0.9189, 0.8925, 0.878, 0.7191, 0.5749, 0.3731], [0.9622, 0.9615, 0.9618, 0.9584, 0.9474, 0.922, 0.8874, 0.7282, 0.5513, 0.2333], [0.9566, 0.9566, 0.9566, 0.9516, 0.9476, 0.9254, 0.8459, 0.7568, 0.5208, 0.3032]], "0.10000000149011612": [[0.963, 0.9631, 0.9625, 0.959, 0.9519, 0.9424, 0.9259, 0.8877, 0.7917, 0.4978], [0.9623, 0.9618, 0.9612, 0.9606, 0.9561, 0.9506, 0.9165, 0.7391, 0.755, 0.5102], [0.9617, 0.9606, 0.9603, 0.9578, 0.9456, 0.9148, 0.9218, 0.836, 0.6956, 0.3889], [0.9629, 0.9627, 0.9623, 0.9605, 0.9577, 0.9404, 0.9092, 0.8684, 0.7271, 0.3113], [0.9591, 0.9591, 0.9583, 0.9541, 0.9464, 0.9348, 0.9177, 0.8061, 0.6185, 0.4263]], "1.0": [[0.9535, 0.9537, 0.9536, 0.952, 0.945, 0.938, 0.9269, 0.9064, 0.8296, 0.5792], [0.9525, 0.9534, 0.952, 0.9528, 0.9506, 0.9514, 0.9442, 0.9041, 0.775, 0.6441], [0.9546, 0.9547, 0.9553, 0.9538, 0.9502, 0.9439, 0.9169, 0.8982, 0.7695, 0.5741], [0.9574, 0.9571, 0.957, 0.9512, 0.9493, 0.9416, 0.9293, 0.9116, 0.8451, 0.4298], [0.9522, 0.9528, 0.9501, 0.9511, 0.9446, 0.9323, 0.9151, 0.881, 0.7163, 0.4622]], "10.0": [[0.896, 0.8962, 0.8941, 0.8909, 0.8896, 0.8748, 0.8751, 0.8644, 0.8154, 0.6763], [0.9196, 0.9194, 0.9201, 0.9199, 0.9182, 0.921, 0.9185, 0.9041, 0.8582, 0.6524], [0.9145, 0.9146, 0.9156, 0.918, 0.9177, 0.9145, 0.9093, 0.8939, 0.875, 0.6107], [0.9208, 0.9211, 0.9191, 0.9161, 0.9159, 0.913, 0.8919, 0.8884, 0.8323, 0.5331], [0.9173, 0.9176, 0.9166, 0.9162, 0.9163, 0.9105, 0.8964, 0.8744, 0.7585, 0.5114]], "100.0": [[0.7491, 0.7482, 0.7567, 0.7561, 0.7529, 0.7565, 0.7541, 0.7071, 0.7081, 0.6666], [0.8376, 0.8384, 0.8389, 0.84, 0.8358, 0.8427, 0.8454, 0.8183, 0.7854, 0.6681], [0.7931, 0.7944, 0.7986, 0.7949, 0.7898, 0.7971, 0.7928, 0.7993, 0.7676, 0.673], [0.826, 0.827, 0.8277, 0.8315, 0.8248, 0.815, 0.8206, 0.7987, 0.7198, 0.6363], [0.8289, 0.829, 0.8293, 0.8284, 0.8305, 0.8335, 0.8196, 0.8044, 0.7894, 0.5946]]}