{"0.009999999776482582": [[0.9628, 0.9627, 0.9614, 0.9574, 0.9505, 0.9127, 0.8488, 0.7702, 0.6596, 0.3377], [0.9613, 0.9608, 0.9612, 0.9565, 0.9511, 0.9359, 0.8924, 0.799, 0.6393, 0.3278], [0.9608, 0.9582, 0.9581, 0.9603, 0.9531, 0.9036, 0.8284, 0.7545, 0.5247, 0.2872], [0.9581, 0.959, 0.9565, 0.9574, 0.9449, 0.9203, 0.8575, 0.6839, 0.6082, 0.449], [0.9626, 0.9632, 0.9629, 0.9559, 0.9442, 0.8931, 0.802, 0.6483, 0.409, 0.2136]], "0.10000000149011612": [[0.9628, 0.9621, 0.9565, 0.9543, 0.9294, 0.8893, 0.8133, 0.712, 0.4818, 0.3264], [0.9632, 0.9629, 0.9619, 0.9604, 0.9531, 0.9348, 0.8734, 0.7402, 0.6007, 0.269], [0.9615, 0.9616, 0.9627, 0.9605, 0.9543, 0.9283, 0.8392, 0.6777, 0.5038, 0.2664], [0.9581, 0.9581, 0.9576, 0.9549, 0.9312, 0.8994, 0.8307, 0.7286, 0.6668, 0.3124], [0.9623, 0.962, 0.9612, 0.9515, 0.9255, 0.8858, 0.7557, 0.5909, 0.4907, 0.2166]], "1.0": [[0.961, 0.961, 0.9581, 0.9476, 0.9331, 0.9048, 0.8565, 0.7325, 0.6644, 0.2886], [0.9598, 0.9604, 0.9597, 0.9587, 0.9518, 0.9308, 0.8795, 0.7822, 0.512, 0.2888], [0.9606, 0.9606, 0.9593, 0.9584, 0.9491, 0.9265, 0.83, 0.6089, 0.4812, 0.3041], [0.9565, 0.9571, 0.9593, 0.9538, 0.9529, 0.9287, 0.8803, 0.7375, 0.6613, 0.3859], [0.9566, 0.9561, 0.955, 0.9485, 0.937, 0.897, 0.8432, 0.6863, 0.5727, 0.4043]], "10.0": [[0.928, 0.9282, 0.928, 0.9269, 0.9234, 0.9114, 0.8796, 0.819, 0.8165, 0.7189], [0.9294, 0.9288, 0.9282, 0.9252, 0.9226, 0.9104, 0.8722, 0.8212, 0.8325, 0.635], [0.9268, 0.9265, 0.927, 0.9273, 0.9239, 0.9142, 0.879, 0.8068, 0.7354, 0.6464], [0.9284, 0.9287, 0.9288, 0.9309, 0.9289, 0.9168, 0.8956, 0.8502, 0.7856, 0.6374], [0.9287, 0.9287, 0.9295, 0.9275, 0.9253, 0.9059, 0.881, 0.8134, 0.7599, 0.6201]], "100.0": [[0.8666, 0.8662, 0.866, 0.8672, 0.8694, 0.873, 0.8598, 0.818, 0.7023, 0.6275], [0.8535, 0.8536, 0.8549, 0.8569, 0.8559, 0.8498, 0.8432, 0.8298, 0.7709, 0.671], [0.866, 0.8659, 0.8667, 0.8688, 0.8737, 0.8732, 0.8657, 0.8256, 0.7141, 0.5963], [0.8592, 0.8593, 0.8603, 0.8645, 0.867, 0.8676, 0.8567, 0.8291, 0.7781, 0.6334], [0.8637, 0.8643, 0.864, 0.8635, 0.8618, 0.8557, 0.8642, 0.8352, 0.7308, 0.5885]]}